Inject,Link,Team Member,Reviewed,Submitted
Inject 1,,,FALSE,FALSE
Inject 2,,,FALSE,FALSE
Inject 3,,,FALSE,FALSE
Inject 4,,,FALSE,FALSE
Inject 5,,,FALSE,FALSE
Inject 6,,,FALSE,FALSE
Inject 7,,,FALSE,FALSE
Inject 8,,,FALSE,FALSE
Inject 9,,,FALSE,FALSE
Inject 10,,,FALSE,FALSE
Inject 11,,,FALSE,FALSE
Inject 12,,,FALSE,FALSE
Inject 13,,,FALSE,FALSE
Inject 14,,,FALSE,FALSE
Inject 15,,,FALSE,FALSE
,,,,
,,,,
,,,,
Members,,,,
Matt,,,,
Pranathi,,,,
Viktor,,,,
Rohan,,,,
Justin,,,,
Tyler,,,,
Andrew,,,,
Sam,,,,
Johnny,,,,
Ryan,,,,
Chisom,,,,
Declan,,,,